date,code,side,shares,price,commission,realized_pnl
2017-01-05,83340,buy,100,675.675,37.162125,
2017-01-05,67400,buy,200,353.35299999999995,38.868829999999996,
2017-01-10,36720,buy,100,695.6949999999999,38.263225000000006,
2017-01-16,83340,sell,100,630.369,34.670295,-4565.270294999993
2017-01-16,67400,sell,200,330.669,36.37359000000001,-4573.173589999994
2017-01-19,36720,sell,100,695.304,38.24172,-77.34172000000764
2017-01-24,67530,buy,300,305.30499999999995,50.375325,
2017-01-26,92020,buy,300,330.33,54.504450000000006,
2017-01-27,52330,buy,200,403.40299999999996,44.37433,
2017-02-01,38100,buy,100,874.8739999999999,48.11807,
2017-02-01,67530,sell,300,299.7,49.450500000000005,-1730.9504999999883
2017-02-06,36320,buy,100,650.65,35.78575,
2017-02-07,80020,buy,100,696.6959999999999,38.318279999999994,
2017-02-07,92020,sell,300,331.668,54.72522000000001,346.67478000000665
2017-02-14,36320,sell,100,673.326,37.03293000000001,2230.5670700000046
2017-02-16,80020,sell,100,724.7745,39.8625975,2767.9874025000076
2017-02-20,67530,buy,300,336.33599999999996,55.495439999999995,
2017-02-20,38100,sell,100,841.158,46.263690000000004,-3417.8636899999897
2017-02-21,52330,sell,200,409.59,45.0549,1192.3451000000023
2017-02-22,40430,buy,100,573.573,31.546515,
2017-02-24,45760,buy,100,663.6629999999999,36.501464999999996,
2017-02-28,57070,buy,100,582.5819999999999,32.04201,
2017-02-28,40430,sell,100,536.463,29.505465,-3740.5054650000015
2017-03-02,52330,buy,200,418.41799999999995,46.02598,
2017-03-03,53010,buy,100,512.512,28.18816,
2017-03-06,45760,sell,100,679.32,37.3626,1528.3374000000154
2017-03-07,52020,buy,100,867.8669999999998,47.732685,
2017-03-08,57070,sell,100,579.42,31.8681,-348.0680999999921
2017-03-10,52330,sell,200,407.592,44.835119999999996,-2210.035119999993
2017-03-14,53010,sell,100,504.495,27.747225,-829.4472249999939
2017-03-15,36720,buy,100,984.9839999999999,54.17412,
2017-03-15,67270,buy,200,448.448,49.32928,
2017-03-15,52020,sell,100,867.132,47.692260000000005,-121.19225999999
2017-03-16,41880,buy,100,860.8599999999999,47.3473,
2017-03-17,37820,buy,100,1070.069,58.853795,
2017-03-21,37820,sell,100,850.149,46.758195,-22038.758194999995
2017-03-23,41880,sell,100,838.9602,46.142811,-2236.1228109999915
2017-03-24,67270,sell,200,412.587,45.38457,-7217.584569999998
2017-03-27,69970,buy,200,368.36799999999994,40.52048,
2017-03-27,36720,sell,100,977.022,53.73621000000001,-849.9362099999876
2017-03-28,18330,buy,100,723.723,39.804764999999996,
2017-03-28,18600,buy,100,695.6949999999999,38.263225000000006,
2017-03-30,40430,buy,100,568.568,31.27124,
2017-03-30,18330,sell,100,694.305,38.186775000000004,-2979.9867749999894
2017-03-31,18600,sell,100,677.322,37.25271,-1874.5527100000047
2017-04-05,40430,sell,100,514.485,28.296675,-5436.596674999997
2017-04-05,69970,sell,200,351.648,38.68128000000001,-3382.6812799999825
2017-04-10,67530,sell,300,423.576,69.89004,26102.10996000002
2017-05-02,45970,buy,100,492.49199999999996,27.08706,
2017-05-08,70130,buy,200,391.39099999999996,43.05301,
2017-05-09,59890,buy,100,1636.6349999999998,90.01492499999999,
2017-05-11,36320,buy,100,881.8809999999999,48.503454999999995,
2017-05-11,59890,sell,100,1332.666,73.29663000000001,-30470.196629999984
2017-05-15,36670,buy,100,922.9219999999999,50.76071,
2017-05-15,45970,sell,100,545.454,29.999969999999998,5266.200029999999
2017-05-16,18600,buy,100,714.7139999999999,39.30927,
2017-05-16,70130,sell,200,420.579,46.263690000000004,5791.33631000001
2017-05-18,40050,buy,100,610.6099999999999,33.583549999999995,
2017-05-25,36670,sell,100,1138.86,62.637299999999996,21531.16269999999
2017-05-25,36320,sell,100,902.097,49.615335,1971.9846650000122
2017-05-26,40050,sell,100,594.405,32.692275,-1653.1922749999928
2017-05-30,67530,buy,200,415.41499999999996,45.69565,
2017-05-31,43550,buy,100,683.6829999999999,37.602565,
2017-06-01,69970,buy,200,398.39799999999997,43.82378,
2017-06-02,18600,sell,100,695.304,38.24172,-1979.2417199999968
2017-06-07,67530,sell,200,406.593,44.72523,-1809.1252300000006
2017-06-08,43550,sell,100,698.301,38.406555000000004,1423.3934450000165
2017-06-09,18960,buy,100,940.9399999999999,51.7517,
2017-06-13,69970,sell,200,417.582,45.93402,3790.865980000005
2017-06-19,18960,sell,100,937.062,51.53841,-439.3384100000043
2017-06-27,47770,buy,100,550.55,30.28025,
2017-06-29,19440,buy,100,1765.764,97.11702,
2017-06-29,47770,sell,100,498.501,27.417555,-5232.317554999998
2017-07-06,18240,buy,100,1288.2869999999998,70.855785,
2017-07-06,38650,buy,100,855.8549999999999,47.072025,
2017-07-07,19440,sell,100,1826.172,100.43946000000001,5940.360540000013
2017-07-10,18120,buy,100,965.9649999999999,53.128074999999995,
2017-07-11,53930,buy,100,1349.348,74.21414,
2017-07-12,22810,buy,100,694.694,38.20817,
2017-07-13,22810,buy,100,689.689,37.932895,
2017-07-14,18610,buy,200,380.37999999999994,41.84179999999999,
2017-07-14,92020,buy,200,397.09669999999994,43.68063699999999,
2017-07-14,38650,sell,100,830.169,45.659295,-2614.259294999992
2017-07-14,18240,sell,100,1338.66,73.6263,4963.673700000028
2017-07-19,18120,sell,100,956.043,52.582365,-1044.7823649999798
2017-07-21,53930,sell,100,1382.616,76.04388,3250.7561200000027
2017-07-24,22810,sell,200,705.294,77.58234,2542.9176600000155
2017-07-25,77070,buy,100,910.9099999999999,50.100049999999996,
2017-07-25,92020,sell,200,389.61,42.8571,-1540.1970999999742
2017-07-26,92330,buy,100,1032.031,56.761705,
2017-07-26,18610,sell,200,390.609,42.96699,2002.8330100000085
2017-07-31,75190,buy,100,502.50199999999995,27.63761,
2017-08-01,77070,sell,100,796.203,43.79116500000001,-11514.491164999989
2017-08-01,92330,sell,100,917.082,50.43951,-11545.339509999996
2017-08-04,80290,buy,300,305.30499999999995,50.375325,
2017-08-08,75190,sell,100,489.51,26.92305,-1326.1230499999963
2017-08-14,55630,buy,100,443.4429999999999,24.389364999999998,
2017-08-14,68440,buy,100,638.6379999999999,35.12508999999999,
2017-08-14,80290,sell,300,353.646,58.35159,14443.948410000019
2017-08-22,55630,sell,100,424.575,23.351625000000002,-1910.1516249999995
2017-08-22,68440,sell,100,689.31,37.91205,5029.287950000003
2017-08-30,38450,buy,100,494.49399999999997,27.19717,
2017-08-31,38450,sell,100,406.593,22.362615,-8812.46261499999
2017-09-21,75190,buy,200,721.7209999999999,79.38931,
2017-09-28,75190,sell,200,661.338,72.74718000000001,-12149.347179999984
2017-11-08,18210,buy,100,723.723,39.804764999999996,
2017-11-14,18210,sell,100,652.347,35.879085,-7173.479084999985
2017-11-22,31030,buy,100,854.8539999999999,47.01697,
2017-12-29,66290,buy,100,538.5379999999999,29.619589999999995,
2018-01-04,31030,sell,100,827.172,45.494460000000004,-2813.69445999999
2018-01-12,66290,sell,100,553.446,30.439530000000005,1460.3604700000128
2018-02-05,24530,buy,100,880.8799999999999,48.44839999999999,
2018-02-07,24530,sell,100,789.21,43.40655,-9210.406549999985
2018-03-14,67070,buy,100,858.858,47.23719,
2018-03-15,48240,buy,100,917.9169999999999,50.485435,
2018-03-22,99720,buy,200,425.42499999999995,46.796749999999996,
2018-03-23,67070,sell,100,772.227,42.472485,-8705.572484999986
2018-03-26,99720,sell,200,371.628,40.879079999999995,-10800.279079999995
2018-04-03,48240,sell,100,1096.902,60.32961000000001,17838.170390000014
2018-04-05,29290,buy,100,808.8079999999999,44.48444,
2018-04-10,29290,sell,100,749.25,41.20875,-5997.008749999988
2018-05-01,86980,buy,100,637.637,35.070035,
2018-05-01,66340,buy,100,583.583,32.097065,
2018-05-10,88930,buy,200,459.45899999999995,50.54049,
2018-05-15,17190,buy,100,896.896,49.32928,
2018-05-16,18210,buy,100,672.6719999999999,36.99696,
2018-05-16,88930,sell,200,403.596,44.39556,-11216.995559999988
2018-05-16,66340,sell,100,549.45,30.219750000000005,-3443.5197499999927
2018-05-16,86980,sell,100,676.323,37.197765000000004,3831.4022350000037
2018-05-21,50200,buy,100,763.9631999999999,42.017976,
2018-05-23,95010,buy,100,558.558,30.720690000000005,
2018-05-23,17190,sell,100,923.076,50.769180000000006,2567.230820000006
2018-05-28,61770,buy,100,885.8849999999999,48.72367499999999,
2018-05-29,50200,sell,100,691.6076999999999,38.03842349999999,-7273.588423500001
2018-06-01,95010,sell,100,508.491,27.967005,-5034.667005000001
2018-06-01,18210,sell,100,722.277,39.72523500000001,4920.774765000002
2018-06-05,61770,sell,100,1143.855,62.91202500000001,25734.087975000013
2018-06-13,24370,buy,100,553.5529999999999,30.445414999999997,
2018-06-14,95010,buy,100,518.5179999999999,28.518489999999996,
2018-06-18,21440,buy,100,681.6809999999999,37.492455,
2018-06-19,24370,sell,100,492.507,27.087885,-6131.687884999988
2018-06-20,93990,buy,100,650.65,35.78575,
2018-06-21,93990,sell,100,529.47,29.12085,-12147.120849999994
2018-06-22,95010,sell,100,509.49,28.02195,-930.8219499999906
2018-06-27,21440,sell,100,558.441,30.714255000000005,-12354.71425499999
2018-07-20,18210,buy,100,814.814,44.81477,
2018-07-23,95010,buy,100,512.512,28.18816,
2018-07-26,27680,buy,200,410.40999999999997,45.1451,
2018-07-26,54800,buy,200,333.33299999999997,36.66663,
2018-07-30,65020,buy,200,342.342,37.65762,
2018-07-31,50200,buy,100,821.1202999999998,45.161616499999994,
2018-07-31,95010,sell,100,537.462,29.56041,2465.4395900000045
2018-08-02,80020,buy,100,874.7738999999999,48.1125645,
2018-08-03,27680,sell,200,405.594,44.61534,-1007.8153400000062
2018-08-06,54800,sell,200,339.66,37.3626,1228.037400000011
2018-08-09,18210,sell,100,795.204,43.73622,-2004.7362200000014
2018-08-10,80020,sell,100,918.3806999999999,50.5109385,4310.169061500013
2018-08-10,50200,sell,100,809.19,44.50545,-1237.5354499999762
2018-08-14,65020,sell,200,327.672,36.04392000000001,-2970.043919999992
2018-08-29,65020,buy,200,330.33,36.3363,
2018-08-31,50200,buy,100,800.8,44.044000000000004,
2018-09-04,65020,buy,300,335.335,55.330275,
2018-09-06,65020,buy,100,325.325,17.892875,
2018-09-07,50200,sell,100,724.0752,39.824136,-7712.304135999996
2018-09-10,65020,sell,600,314.685,103.84605,-10491.84605
2018-10-11,33560,buy,100,1133.1319999999998,62.32225999999999,
2018-10-19,33560,sell,100,1648.35,90.65925,51431.14075000001
2018-11-12,95010,buy,100,600.5999999999999,33.033,
2018-11-15,95090,buy,100,711.7109999999999,39.144104999999996,
2018-11-26,95090,sell,100,766.233,42.142815,5410.057185000004
2018-12-20,95010,sell,100,708.291,38.956005000000005,10730.143995000015
2019-01-23,96810,buy,100,925.925,50.925875000000005,
2019-01-25,54230,buy,100,920.9199999999998,50.6506,
2019-01-29,95010,buy,100,728.728,40.08004,
2019-01-31,96810,sell,100,920.079,50.604345,-635.2043450000003
2019-02-01,95010,sell,100,667.332,36.70326,-6176.303259999984
2019-02-04,54230,sell,100,918.081,50.49445500000001,-334.3944549999828
2019-02-14,47550,buy,100,803.8029999999999,44.209165,
2019-02-19,27680,buy,200,418.41799999999995,46.02598,
2019-02-20,87030,buy,100,561.5609999999999,30.885854999999996,
2019-02-25,47550,sell,100,849.15,46.703250000000004,4487.99675000001
2019-02-26,37650,buy,300,311.311,51.366315,
2019-02-27,27680,sell,200,413.586,45.494460000000004,-1011.8944599999874
2019-03-01,87030,sell,100,561.438,30.879089999999998,-43.17908999999336
2019-03-08,23950,buy,100,815.8149999999999,44.869825000000006,
2019-03-13,45710,buy,100,511.51099999999997,28.133105,
2019-03-14,87030,buy,100,561.5609999999999,30.885854999999996,
2019-03-18,23950,sell,100,829.17,45.604350000000004,1289.8956499999904
2019-03-22,45710,sell,100,475.524,26.153820000000003,-3624.8538199999966
2019-03-26,13320,buy,100,802.8019999999999,44.15411,
2019-03-28,23950,buy,100,900.8999999999999,49.549499999999995,
2019-04-02,87030,sell,100,556.443,30.604364999999998,-542.4043649999938
2019-04-03,37650,sell,300,378.621,62.472465,20130.527535
2019-04-03,23950,sell,100,843.156,46.37358,-5820.773579999992
2019-04-05,13320,sell,100,789.21,43.40655,-1402.6065499999984
2019-04-18,77770,buy,100,692.6919999999999,38.09805999999999,
2019-04-26,18870,buy,100,752.752,41.401360000000004,
2019-04-26,77770,sell,100,684.315,37.637325000000004,-875.3373249999726
2019-05-14,18870,sell,100,683.316,37.58238000000001,-6981.182379999992
2019-06-12,29310,buy,100,906.906,49.87983,
2019-06-25,29310,sell,100,901.098,49.56039,-630.3603899999993
2019-06-28,87030,buy,100,557.5569999999999,30.665634999999995,
2019-07-08,45750,buy,100,902.9019999999999,49.65961,
2019-07-08,87030,sell,100,557.442,30.65931,-42.159309999989546
2019-07-09,46890,buy,200,323.323,35.56553,
2019-07-09,45750,sell,100,827.172,45.494460000000004,-7618.494459999991
2019-07-16,85930,buy,100,589.5889999999999,32.427395,
2019-07-18,46890,sell,200,326.673,35.93403,634.0659700000045
2019-07-19,85930,sell,100,574.425,31.593374999999998,-1547.9933749999987
2019-07-29,85930,buy,100,606.6059999999999,33.36333,
2019-08-05,42930,buy,200,404.40399999999994,44.48444,
2019-08-07,85930,sell,100,572.427,31.483485000000005,-3449.383484999986
2019-08-14,42930,sell,200,425.574,46.813140000000004,4187.186860000014
2019-09-12,32440,buy,100,1881.8799999999999,103.5034,
2019-09-24,32440,sell,100,1878.12,103.29660000000001,-479.29660000002184
2019-10-01,67760,buy,100,581.5809999999999,31.986955,
2019-10-02,69670,buy,100,925.925,50.925875000000005,
2019-10-09,75990,buy,200,463.46299999999997,50.98093,
2019-10-10,69670,sell,100,957.042,52.63731,3059.0626900000075
2019-10-11,66660,buy,200,391.39099999999996,43.05301,
2019-10-11,67760,sell,100,654.345,35.988975,7240.411025000012
2019-10-16,23370,buy,200,448.448,49.32928,
2019-10-18,75990,sell,200,519.48,57.1428,11146.257200000011
2019-10-23,66660,sell,200,390.609,42.96699,-199.36698999999646
2019-10-25,23370,sell,200,437.562,48.131820000000005,-2225.3318199999935
2019-10-28,82820,buy,100,1208.2069999999999,66.45138499999999,
2019-11-06,65840,buy,100,1090.089,59.954895,
2019-11-06,82820,sell,100,1243.755,68.40652500000002,3486.393475000023
2019-11-22,46510,buy,100,386.38599999999997,21.25123,
2019-11-25,65840,sell,100,1349.649,74.230695,25881.769304999994
2019-12-02,46510,sell,100,370.629,20.384595,-1596.0845949999948
2019-12-30,75990,buy,100,617.617,33.968935,
2020-01-09,67230,buy,100,774.7739999999999,42.61257,
2020-01-10,86040,buy,100,573.3727999999999,31.535503999999992,
2020-01-10,75990,sell,100,584.415,32.142825,-3352.3428249999997
2020-01-20,67230,sell,100,810.189,44.560395,3496.9396050000078
2020-01-21,86040,sell,100,567.9315,31.236232500000003,-575.3662324999842
2020-02-10,45580,buy,100,668.6679999999999,36.77674,
2020-02-13,85150,buy,200,333.33299999999997,36.66663,
2020-02-14,85720,buy,100,532.5319999999999,29.289259999999995,
2020-02-17,85150,buy,100,310.30999999999995,17.06705,
2020-02-20,45580,sell,100,801.198,44.06589,13208.93411000001
2020-02-20,85150,sell,300,302.697,49.94500500000001,-6938.445004999976
2020-02-25,85720,sell,100,496.503,27.307665,-3630.207664999994
2020-04-09,39410,buy,100,830.8299999999999,45.69565,
2020-04-09,49780,buy,200,348.34799999999996,38.318279999999994,
2020-04-10,71800,buy,200,440.43999999999994,48.44839999999999,
2020-04-14,83850,buy,100,559.559,30.775744999999997,
2020-04-14,45630,buy,100,850.8499999999999,46.796749999999996,
2020-04-14,29290,buy,100,846.8459999999999,46.57653,
2020-04-17,39410,sell,100,830.169,45.659295,-111.75929500000582
2020-04-20,71800,sell,200,419.58,46.153800000000004,-4218.153799999991
2020-04-21,49780,sell,200,358.641,39.45051,2019.1494900000127
2020-04-22,29290,sell,100,752.247,41.373585,-9501.273584999994
2020-05-01,83850,sell,100,574.425,31.593374999999998,1455.0066249999986
2020-05-11,49780,buy,100,418.41799999999995,23.01299,
2020-05-11,45630,sell,100,1598.4,87.912,74667.08800000002
2020-05-20,49780,sell,100,454.545,24.999975000000003,3587.7000250000065
2020-06-05,68880,buy,100,551.5509999999999,30.335304999999998,
2020-06-11,49780,buy,100,504.50399999999996,27.747719999999997,
2020-06-12,68880,sell,100,464.535,25.549425000000003,-8727.14942499999
2020-06-16,49780,sell,100,466.533,25.659315000000003,-3822.759314999995
2020-06-26,36860,buy,100,660.66,36.3363,
2020-06-29,45710,buy,100,588.588,32.37234,
2020-06-29,36860,sell,100,582.417,32.032935,-7856.332934999994
2020-07-02,45710,sell,100,529.47,29.12085,-5940.920849999994
2020-07-20,25860,buy,100,407.407,22.407385,
2020-07-27,25860,sell,100,374.625,20.604375,-3298.804374999998
2020-08-07,36670,buy,100,865.8649999999999,47.622575,
2020-08-11,66700,buy,100,956.9559999999999,52.63258,
2020-08-14,71570,buy,100,1467.466,80.71063,
2020-08-18,36670,sell,100,895.104,49.230720000000005,2874.6692800000146
2020-08-19,66700,sell,100,953.046,52.417530000000006,-443.41752999998545
2020-08-21,47720,buy,200,508.5079999999999,55.93588,
2020-08-24,82560,buy,400,385.38499999999993,84.78469999999999,
2020-08-24,71570,sell,100,1588.41,87.36255,12007.037450000042
2020-08-26,80050,buy,100,868.8679999999999,47.78774,
2020-08-26,47720,sell,200,468.531,51.53841,-8046.938409999995
2020-08-31,82560,sell,400,362.637,79.78014,-9178.980139999974
2020-09-07,47120,buy,200,1103.1019999999999,121.34121999999999,
2020-09-07,80050,sell,100,906.093,49.835115,3672.6648850000024
2020-09-10,47790,buy,100,868.8679999999999,47.78774,
2020-09-15,47120,sell,200,1127.871,124.06581000000001,4829.7341900000465
2020-09-18,80050,buy,200,881.8809999999999,97.00690999999999,
2020-09-18,47790,sell,100,868.131,47.747205,-121.44720499999664
2020-09-24,23850,buy,100,860.8599999999999,47.3473,
2020-09-29,37760,buy,200,450.44999999999993,49.549499999999995,
2020-09-30,80050,sell,200,934.065,102.74715,10334.05285000004
2020-10-02,23850,sell,100,900.099,49.50544500000001,3874.3945550000144
2020-10-05,37760,sell,200,419.58,46.153800000000004,-6220.153799999989
2020-11-12,85150,buy,100,302.30199999999996,16.62661,
2020-11-16,85150,sell,100,268.731,14.780205,-3371.8802049999967
2021-01-12,62550,buy,100,890.8899999999999,48.998949999999994,
2021-01-18,26670,buy,100,728.728,40.08004,
2021-01-20,62550,sell,100,1124.874,61.86807000000001,23336.531930000016
2021-01-21,26670,sell,100,659.34,36.2637,-6975.0636999999815
2021-01-29,67760,buy,100,677.6769999999999,37.272235,
2021-02-01,67790,buy,100,732.732,40.30026,
2021-02-02,67270,buy,100,944.9439999999998,51.97191999999999,
2021-02-04,86980,buy,100,609.6089999999999,33.528495,
2021-02-08,67760,sell,100,707.292,38.90106,2922.5989400000008
2021-02-10,72610,buy,100,882.882,48.55851,
2021-02-10,67790,sell,100,695.304,38.24172,-3781.0417199999997
2021-02-10,67270,sell,100,893.106,49.120830000000005,-5232.920829999985
2021-02-12,23420,buy,100,715.7149999999999,39.364324999999994,
2021-02-19,69070,buy,100,886.8859999999999,48.778729999999996,
2021-02-19,72610,sell,100,863.136,47.47248,-2022.072479999998
2021-02-22,86980,sell,100,976.023,53.681265,36587.71873500001
2021-02-22,23420,sell,100,648.351,35.659305,-6772.059304999981
2021-02-24,33870,buy,100,843.843,46.411365,
2021-03-01,86040,buy,100,622.8222,34.255221,
2021-03-02,69070,sell,100,982.017,54.01093500000001,9459.08906500001
2021-03-03,33870,sell,100,776.223,42.692265,-6804.6922650000115
2021-03-04,63660,buy,100,520.52,28.628600000000002,
2021-03-05,20380,buy,100,485.48499999999996,26.701674999999998,
2021-03-11,63660,sell,100,460.539,25.329645000000003,-6023.429644999999
2021-03-11,20380,sell,100,504.495,27.747225,1873.2527750000104
2021-03-15,83310,buy,100,748.7479999999999,41.18114,
2021-03-19,23980,buy,100,923.9229999999999,50.815765,
2021-03-19,64400,buy,100,908.9079999999999,49.98994,
2021-03-22,87950,buy,100,1520.5189999999998,83.62854499999999,
2021-03-24,70040,buy,100,878.8779999999999,48.33828999999999,
2021-03-25,83310,sell,100,726.273,39.945015000000005,-2287.4450149999907
2021-03-26,45120,buy,200,463.46299999999997,50.98093,
2021-03-26,63300,buy,100,689.689,37.932895,
2021-03-29,83060,buy,100,638.8382,35.136101000000004,
2021-03-29,23980,sell,100,921.078,50.659290000000006,-335.15928999999136
2021-03-29,64400,sell,100,882.117,48.516435,-2727.616434999994
2021-03-30,85930,buy,100,660.66,36.3363,
2021-03-30,86040,sell,100,602.397,33.131835,-2075.6518349999906
2021-03-30,87950,sell,100,1422.576,78.24168,-9872.541679999951
2021-04-02,45120,sell,200,412.587,45.38457,-10220.584569999995
2021-04-05,70040,sell,100,869.13,47.802150000000005,-1022.6021499999933
2021-04-07,85930,sell,100,632.367,34.780185,-2864.0801850000007
2021-04-07,83060,sell,100,595.9035,32.7746925,-4326.244692500002
2021-04-14,64720,buy,200,342.342,37.65762,
2021-04-15,49020,buy,100,624.6239999999999,34.35432,
2021-04-15,63300,sell,100,723.276,39.780179999999994,3318.9198199999987
2021-04-19,68390,buy,100,923.9229999999999,50.815765,
2021-04-22,64720,sell,200,327.672,36.04392000000001,-2970.043919999992
2021-04-23,49020,sell,100,581.418,31.977990000000002,-4352.577989999991
2021-05-12,20380,buy,200,522.5219999999999,57.47742,
2021-05-24,20380,sell,200,493.506,54.28566,-5857.485659999992
2021-05-27,86010,buy,100,634.4337999999999,34.893859,
2021-05-31,86160,buy,200,419.4189999999999,46.136089999999996,
2021-06-07,39410,buy,100,968.9679999999998,53.29324,
2021-06-08,68390,sell,100,916.083,50.384565,-834.3845649999918
2021-06-08,86160,sell,200,409.59,45.0549,-2010.8548999999903
2021-06-10,85080,buy,200,407.407,44.81477,
2021-06-11,46510,buy,200,374.37399999999997,41.18114,
2021-06-11,30530,buy,200,460.4599999999999,50.6506,
2021-06-14,39410,sell,100,939.06,51.648300000000006,-3042.44829999999
2021-06-18,72610,buy,100,1000.9999999999999,55.05499999999999,
2021-06-18,85080,sell,200,391.608,43.07688,-3202.8768799999957
2021-06-21,30530,sell,200,480.519,52.85709000000001,3958.9429100000166
2021-06-21,86010,sell,100,610.2891,33.5659005,-2448.0359004999946
2021-06-22,20380,buy,100,619.6189999999999,34.079045,
2021-06-23,46510,sell,200,389.61,42.8571,3004.342900000009
2021-07-01,72610,sell,100,1051.947,57.85708499999999,5036.842915000001
2021-07-02,33770,buy,100,743.7429999999999,40.905865,
2021-07-02,33870,buy,100,961.9609999999999,52.907855,
2021-07-08,33870,sell,100,956.043,52.582365,-644.3823649999892
2021-07-08,20380,sell,100,610.389,33.571395,-956.5713949999905
2021-07-15,33770,sell,100,1082.916,59.56038,33857.73962
2021-07-28,58030,buy,100,557.5569999999999,30.665634999999995,
2021-08-02,80020,buy,100,932.7317999999999,51.300249,
2021-08-05,80020,sell,100,928.2708,51.054894000000004,-497.1548939999899
2021-08-05,58030,sell,100,553.446,30.439530000000005,-441.5395299999876
2021-08-06,70040,buy,100,840.8399999999999,46.246199999999995,
2021-08-12,82560,buy,200,444.44399999999996,48.888839999999995,
2021-08-16,75990,buy,200,952.9519999999999,104.82471999999999,
2021-08-17,70040,sell,100,823.176,45.274680000000004,-1811.674679999976
2021-08-19,82560,sell,200,505.49399999999997,55.60433999999999,12154.395660000002
2021-08-24,75990,sell,200,965.034,106.15374,2310.246260000044
2021-09-13,91270,buy,100,2144.142,117.92781,
2021-09-14,36750,buy,200,928.9279999999999,102.18208,
2021-09-15,75990,buy,200,1023.0219999999999,112.53242,
2021-09-24,36750,sell,200,850.149,93.51639,-15849.316389999978
2021-09-27,75990,sell,200,1039.959,114.39549000000001,3273.004510000025
2021-10-01,91270,sell,100,2279.718,125.38449,13432.215510000002
2021-10-22,47140,buy,100,486.48599999999993,26.756729999999997,
2021-11-01,47140,sell,100,475.524,26.153820000000003,-1122.3538199999932
2021-12-20,83580,buy,200,504.50399999999996,55.495439999999995,
2021-12-21,16050,buy,100,985.9849999999999,54.229175,
2021-12-29,66580,buy,200,532.5319999999999,58.57851999999999,
2022-01-07,66580,sell,200,462.537,50.87907,-14049.87906999999
2022-01-11,68810,buy,100,748.7479999999999,41.18114,
2022-01-19,72540,buy,100,986.9859999999999,54.28423,
2022-01-20,68810,sell,100,657.342,36.15381,-9176.753809999995
2022-01-21,83580,sell,200,477.522,52.52742,-5448.9274199999945
2022-01-24,16050,sell,100,1064.934,58.57137,7836.328630000007
2022-01-24,72540,sell,100,880.119,48.40654500000001,-10735.106544999984
2022-02-04,83080,buy,200,522.1216,57.433376,
2022-02-08,83060,buy,100,744.0432999999998,40.92238149999999,
2022-02-09,83580,buy,200,503.50299999999993,55.385329999999996,
2022-02-16,61780,buy,100,987.8868999999999,54.3337795,
2022-02-16,83580,sell,200,455.544,50.109840000000005,-9641.909839999988
2022-02-21,84180,buy,100,729.7289999999999,40.135095,
2022-02-28,84180,sell,100,698.301,38.406555000000004,-3181.2065549999884
2022-02-28,83060,sell,100,692.6066999999999,38.093368500000004,-5181.753368499989
2022-02-28,83080,sell,200,509.49,56.0439,-2582.363899999987
2022-03-07,61780,sell,100,927.072,50.98896,-6132.478959999985
2022-04-01,16990,buy,300,321.42109999999997,53.0344815,
2022-04-07,67270,buy,100,883.8829999999999,48.613564999999994,
2022-04-11,16990,sell,300,324.57509999999996,53.5548915,892.645108499999
2022-04-12,70140,buy,200,344.34399999999994,37.87784,
2022-04-13,70440,buy,100,925.925,50.925875000000005,
2022-04-15,67270,sell,100,940.059,51.703245,5565.896755000004
2022-04-21,70440,sell,100,1017.981,55.988955000000004,9149.611045000003
2022-04-27,70140,sell,200,364.635,40.10985,4018.090150000011
2022-05-26,38250,buy,200,461.46099999999996,50.76071,
2022-06-01,38250,sell,200,420.579,46.263690000000004,-8222.663690000001
2022-06-02,98310,buy,200,463.46299999999997,50.98093,
2022-06-09,38250,buy,100,586.5859999999999,32.262229999999995,
2022-06-10,98310,sell,200,466.533,51.318630000000006,562.68137000001
2022-06-13,98270,buy,100,540.54,29.7297,
2022-06-14,58030,buy,100,805.805,44.319275000000005,
2022-06-16,83850,buy,100,648.6479999999999,35.675639999999994,
2022-06-16,38250,sell,100,608.391,33.461505,2147.038495000006
2022-06-17,98270,sell,100,475.524,26.153820000000003,-6527.753819999997
2022-06-28,72110,buy,200,455.4549999999999,50.100049999999996,
2022-07-01,58030,sell,100,762.237,41.923035,-4398.723034999998
2022-07-07,72110,sell,200,425.574,46.813140000000004,-6023.013139999983
2022-07-12,71480,buy,100,926.9259999999999,50.98093,
2022-07-13,45750,buy,100,831.8309999999999,45.750704999999996,
2022-07-14,83850,sell,100,635.364,34.94502,-1363.345019999988
2022-07-21,71480,sell,100,947.052,52.08786,1960.512140000009
2022-07-22,77620,buy,100,585.5849999999999,32.207175,
2022-07-25,45750,sell,100,830.169,45.659295,-211.85929499999207
2022-07-26,98310,buy,200,499.49899999999997,54.944889999999994,
2022-07-26,58030,buy,100,794.7939999999999,43.71367,
2022-08-02,45750,buy,100,802.8019999999999,44.15411,
2022-08-03,98310,sell,200,472.527,51.97797,-5446.377969999996
2022-08-03,45750,sell,100,679.32,37.3626,-12385.562599999997
2022-08-16,98270,buy,100,600.5999999999999,33.033,
2022-08-16,77620,sell,100,579.42,31.8681,-648.3680999999964
2022-08-19,58030,sell,100,947.052,52.08786,15173.712140000003
2022-08-24,98270,sell,100,588.411,32.362604999999995,-1251.2626049999965
2022-08-26,23450,buy,100,628.6279999999999,34.57454,
2022-08-29,54080,buy,100,546.5459999999999,30.060029999999998,
2022-08-31,70140,buy,100,630.6299999999999,34.68464999999999,
2022-09-05,23450,sell,100,613.386,33.73623,-1557.9362299999962
2022-09-06,54080,sell,100,586.413,32.252715,3954.4472850000075
2022-09-08,92740,buy,100,739.7389999999999,40.685645,
2022-09-12,70140,sell,100,649.35,35.71425,1836.285750000014
2022-09-14,92740,sell,100,711.288,39.12084,-2884.220839999991
2022-09-22,72110,buy,100,583.583,32.097065,
2022-09-22,70140,buy,100,640.6399999999999,35.23519999999999,
2022-09-29,72110,sell,100,579.42,31.8681,-448.1681000000011
2022-10-12,70140,sell,100,551.448,30.329639999999998,-8949.52963999999
2022-11-08,85080,buy,100,655.655,36.061025,
2022-11-08,92740,buy,100,819.819,45.090044999999996,
2022-11-09,54080,buy,100,661.661,36.391355,
2022-11-10,58030,buy,100,1036.0349999999999,56.981925,
2022-11-15,87040,buy,100,505.50499999999994,27.802774999999997,
2022-11-15,58030,sell,100,1047.951,57.637305000000005,1133.9626950000168
2022-11-16,85080,sell,100,590.409,32.472495,-6557.0724949999985
2022-11-16,87040,sell,100,440.559,24.230745000000002,-6518.830744999991
2022-11-24,45750,buy,100,817.8169999999999,44.97993499999999,
2022-11-30,72110,buy,100,626.626,34.46443,
2022-12-01,92740,sell,100,979.02,53.8461,15866.253900000002
2022-12-05,71890,buy,100,826.8259999999999,45.475429999999996,
2022-12-06,72110,sell,100,590.409,32.472495,-3654.1724949999984
2022-12-09,54080,sell,100,729.27,40.10985,6720.790150000003
2022-12-14,71890,sell,100,850.149,46.758195,2285.5418050000094
2022-12-21,71840,buy,100,609.6089999999999,33.528495,
2022-12-21,83080,buy,100,720.7199999999999,39.639599999999994,
2022-12-21,45750,sell,100,1369.629,75.329595,55105.87040500001
2022-12-30,71840,sell,100,572.427,31.483485000000005,-3749.6834849999905
2023-01-13,71670,buy,300,336.33599999999996,55.495439999999995,
2023-01-16,58300,buy,100,744.7439999999999,40.96092,
2023-01-19,83370,buy,200,473.47299999999996,52.082029999999996,
2023-01-20,54080,buy,100,866.8659999999999,47.67763,
2023-01-24,58300,sell,100,722.277,39.72523500000001,-2286.425234999987
2023-01-24,71670,sell,300,325.674,53.73621,-3252.336209999993
2023-01-25,54060,buy,100,669.669,36.831795,
2023-01-25,83080,sell,100,731.268,40.21974,1014.5802600000229
2023-01-26,58090,buy,100,714.7139999999999,39.30927,
2023-01-26,66320,buy,200,376.376,41.401360000000004,
2023-01-27,83370,sell,200,482.517,53.07687,1755.7231300000078
2023-01-30,39350,buy,100,625.6249999999999,34.409375,
2023-02-03,58090,sell,100,713.286,39.230729999999994,-182.03072999999972
2023-02-06,54060,sell,100,691.308,38.02194,2125.878060000001
2023-02-07,68620,buy,100,529.529,29.124095000000004,
2023-02-09,39350,sell,100,759.24,41.7582,13319.741800000013
2023-02-10,77760,buy,200,363.36299999999994,39.96993,
2023-02-10,54080,sell,100,1002.996,55.16478,13557.835220000012
2023-02-15,68620,sell,100,511.488,28.131840000000004,-1832.2318399999997
2023-02-15,77760,sell,200,360.639,39.67029,-584.4702899999866
2023-02-16,66320,sell,200,389.61,42.8571,2603.9429000000073
2023-02-17,71800,buy,200,505.50499999999994,55.605549999999994,
2023-02-20,58300,buy,100,805.805,44.319275000000005,
2023-02-21,54080,buy,100,1074.0729999999999,59.074014999999996,
2023-02-22,34020,buy,100,823.5227,45.29374850000001,
2023-02-27,71840,buy,100,648.6479999999999,35.675639999999994,
2023-03-03,34020,sell,100,792.6066,43.593363,-3135.203363000003
2023-03-07,71840,sell,100,680.319,37.417545,3129.682455000005
2023-03-13,58300,sell,100,788.211,43.351605000000006,-1802.7516049999938
2023-03-14,71800,sell,200,482.517,53.07687,-4650.676869999988
2023-03-14,54080,sell,100,1030.968,56.70324000000001,-4367.203239999979
2023-03-31,77760,buy,200,517.5169999999999,56.92687,
2023-04-11,77760,sell,200,547.452,60.21972,5926.780280000012
2023-04-12,39890,buy,200,492.49199999999996,54.17412,
2023-04-17,67750,buy,300,304.304,50.21016,
2023-04-18,66320,buy,200,390.38999999999993,42.942899999999995,
2023-04-18,39890,sell,200,448.551,49.34061,-8837.540609999995
2023-04-21,67750,sell,300,243.756,40.21974,-18204.61973999999
2023-04-26,66320,sell,200,381.618,41.97798,-1796.377979999987
2023-04-27,93630,buy,100,465.465,25.600575000000003,
2023-05-09,39890,buy,200,528.5279999999999,58.13807999999999,
2023-05-10,63340,buy,100,560.56,30.830799999999996,
2023-05-11,54060,buy,100,1026.0249999999999,56.431374999999996,
2023-05-16,93630,sell,100,416.583,22.912065000000002,-4911.112064999996
2023-05-16,39890,sell,200,561.438,61.758179999999996,6520.241820000017
2023-05-16,63340,sell,100,514.485,28.296675,-4635.796674999992
2023-05-18,70030,buy,100,504.50399999999996,27.747719999999997,
2023-05-22,31330,buy,100,645.645,35.510475,
2023-05-23,54060,sell,100,1092.906,60.10983,6627.990170000008
2023-05-24,70030,buy,100,512.512,28.18816,
2023-05-24,31330,sell,100,620.379,34.120845,-2560.720844999996
2023-06-01,70030,sell,200,476.523,52.417530000000006,-6449.417529999991
2023-06-02,36790,buy,100,674.674,37.10707,
2023-06-06,95050,buy,100,732.1313999999999,40.26722699999999,
2023-06-07,66320,buy,200,493.49299999999994,54.28423,
2023-06-14,95050,sell,100,796.203,43.79116500000001,6363.368835000011
2023-06-15,70140,buy,100,601.6009999999999,33.088055,
2023-06-16,65780,buy,300,302.30199999999996,49.87983,
2023-06-19,36790,sell,100,755.244,41.53842000000001,8015.461580000006
2023-06-20,70140,sell,100,553.446,30.439530000000005,-4845.939529999985
2023-06-26,39890,buy,100,757.757,41.676635,
2023-06-26,65780,sell,300,307.692,50.769180000000006,1566.230820000013
2023-06-27,66320,sell,200,494.505,54.39555,148.00445000001145
2023-06-28,70140,buy,100,582.5819999999999,32.04201,
2023-06-28,36790,buy,100,750.7499999999999,41.29125,
2023-06-28,39890,sell,100,679.32,37.3626,-7881.06259999999
2023-07-11,77090,buy,200,430.42999999999995,47.3473,
2023-07-11,70140,sell,100,608.391,33.461505,2547.438495000008
2023-07-12,36070,buy,100,766.766,42.172129999999996,
2023-07-12,36790,sell,100,729.27,40.10985,-2188.1098499999903
2023-07-12,77090,sell,200,384.615,42.30765,-9205.30764999999
2023-07-19,70030,buy,200,497.49699999999996,54.72467,
2023-07-20,72010,buy,100,603.5029,33.1926595,
2023-07-28,70030,sell,200,479.52,52.74720000000001,-3648.147199999995
2023-07-31,71800,buy,100,688.6879999999999,37.87784,
2023-07-31,72010,sell,100,632.4669,34.7856795,2861.6143205000058
2023-07-31,36070,sell,100,835.164,45.93402,6793.865980000003
2023-08-01,95070,buy,100,1006.0049999999999,55.33027499999999,
2023-08-02,58520,buy,100,758.7579999999999,41.73168999999999,
2023-08-08,95070,sell,100,983.3157,54.0823635,-2323.012363499989
2023-08-09,71840,buy,100,830.8299999999999,45.69565,
2023-08-09,70140,buy,100,707.7069999999999,38.92388499999999,
2023-08-10,58520,sell,100,750.249,41.263695000000006,-892.1636949999901
2023-08-10,71800,sell,100,654.5448,35.999964000000006,-3450.3199639999866
2023-08-14,95060,buy,100,962.9619999999999,52.962909999999994,
2023-08-18,71840,sell,100,797.202,43.84611,-3406.6461100000042
2023-08-21,87040,buy,100,715.7149999999999,39.364324999999994,
2023-08-24,83590,buy,100,751.2504999999999,41.318777499999996,
2023-08-29,87040,sell,100,741.258,40.76919,2513.5308100000234
2023-09-01,95060,sell,100,1015.4835,55.85159250000001,5196.298407500018
2023-09-07,72560,buy,300,301.301,49.714665000000004,
2023-09-14,70140,sell,100,995.004,54.72522000000001,28674.974780000015
2023-09-15,45860,buy,300,319.31899999999996,52.68763499999999,
2023-09-19,72560,sell,300,297.702,49.120830000000005,-1128.820829999997
2023-09-19,45860,sell,300,268.731,44.34061500000001,-15220.74061499999
2023-09-20,71480,buy,100,1520.5189999999998,83.62854499999999,
2023-09-29,71480,sell,100,1330.668,73.18674,-19058.286739999967
2023-09-29,83590,sell,100,844.155,46.428525,9244.02147500001
2023-10-02,15140,buy,200,496.4959999999999,54.61455999999999,
2023-10-13,15140,sell,200,526.473,57.91203,5937.4879700000065
2023-11-06,15140,buy,100,588.588,32.37234,
2023-11-06,95060,buy,100,1000.9999999999999,55.05499999999999,
2023-11-09,87140,buy,200,352.352,38.75872,
2023-11-09,95040,buy,100,1002.0009999999999,55.110054999999996,
2023-11-09,95060,sell,100,904.5945,49.752697500000004,-9690.302697499985
2023-11-10,31330,buy,100,676.6759999999999,37.21718,
2023-11-17,87140,sell,200,346.653,38.13183000000001,-1177.9318299999911
2023-11-17,95040,sell,100,972.9261,53.5109355,-2961.0009354999843
2023-11-17,15140,sell,100,565.434,31.098869999999998,-2346.4988699999994
2023-11-20,58520,buy,100,855.8549999999999,47.072025,
2023-11-24,72410,buy,100,809.8089999999999,44.53949499999999,
2023-11-24,31330,sell,100,740.259,40.714245,6317.585755000008
2023-11-28,15140,buy,100,705.7049999999999,38.813775,
2023-11-28,62550,buy,100,841.8409999999999,46.301255,
2023-11-29,58520,sell,100,796.203,43.79116500000001,-6008.991164999993
2023-12-06,62550,sell,100,834.165,45.879075,-813.4790749999931
2023-12-07,73150,buy,100,837.8369999999999,46.08103499999999,
2023-12-11,95060,buy,100,990.9899999999999,54.50445,
2023-12-11,72410,sell,100,793.206,43.62633,-1703.9263299999725
2023-12-12,95090,buy,100,673.6729999999999,37.052015,
2023-12-12,95080,buy,100,1046.0449999999998,57.532475,
2023-12-14,95070,buy,100,1083.5825,59.597037500000006,
2023-12-19,95080,sell,100,1020.4785,56.126317500000006,-2612.776317499979
2023-12-19,95060,sell,100,962.4366,52.93401300000001,-2908.2740129999897
2023-12-20,95090,sell,100,617.382,33.95601,-5663.056009999994
2023-12-21,95070,sell,100,986.5125,54.258187500000005,-9761.258187499992
2023-12-22,95010,buy,100,725.1243999999999,39.881842,
2023-12-27,70030,buy,100,691.6909999999999,38.043005,
2023-12-28,73150,sell,100,857.142,47.14281000000001,1883.3571900000177
2024-01-11,95060,buy,100,969.7687999999998,53.33728399999999,
2024-01-18,15140,sell,100,1586.412,87.25266,87983.44734
2024-01-19,95060,sell,100,974.2248000000001,53.58236400000001,392.01763600003585
2024-01-25,95010,sell,100,779.22,42.8571,5366.70290000001
2024-01-26,70030,sell,100,731.268,40.21974,3917.480260000011
2024-02-22,39050,buy,100,690.6899999999999,37.987950000000005,
2024-03-01,95010,buy,100,814.4136,44.792748,
2024-03-07,39050,sell,100,914.085,50.274675,22289.225325
2024-03-13,37440,buy,100,849.8489999999999,46.741695,
2024-03-13,38580,buy,100,850.8499999999999,46.796749999999996,
2024-03-14,38580,sell,100,719.28,39.5604,-13196.560399999993
2024-03-14,37440,sell,100,704.295,38.736225000000005,-14594.136224999998
2024-03-19,95010,sell,100,837.162,46.043910000000004,2228.796090000006
2024-03-28,66250,buy,200,377.37699999999995,41.51147,
2024-03-28,83680,buy,100,662.6619999999999,36.44641,
2024-03-29,71670,buy,100,498.49799999999993,27.417389999999997,
2024-04-03,66250,sell,200,353.646,38.90106,-4785.101059999988
2024-04-05,83680,sell,100,619.38,34.0659,-4362.265899999992
2024-04-08,71670,sell,100,519.0804,28.549422000000007,2029.690578000012
2024-04-09,50200,buy,100,742.742,40.85081,
2024-04-11,50170,buy,100,518.5179999999999,28.518489999999996,
2024-04-15,50170,buy,100,517.5169999999999,28.463435,
2024-04-18,50170,sell,200,450.549,49.56039,-13543.26038999999
2024-04-18,50200,sell,100,706.293,38.846115000000005,-3683.7461149999954
2024-05-02,95050,buy,100,981.9809999999999,54.008955,
2024-05-13,88480,buy,200,528.5279999999999,58.13807999999999,
2024-05-14,83580,buy,100,955.9549999999999,52.577525,
2024-05-16,83080,buy,100,997.0960999999999,54.84028549999999,
2024-05-17,83340,buy,100,1000.9999999999999,55.05499999999999,
2024-05-17,16150,buy,300,335.93559999999997,55.429374,
2024-05-21,50170,buy,200,488.48799999999994,53.73368,
2024-05-23,71670,buy,100,581.1805999999999,31.964932999999995,
2024-05-24,83080,sell,100,984.015,54.120825,-1362.2308249999878
2024-05-27,16150,sell,300,344.05559999999997,56.769174,2379.2308260000013
2024-05-27,88480,sell,200,524.475,57.69225,-868.2922499999768
2024-05-29,95010,buy,100,1013.012,55.71566,
2024-05-29,50170,sell,200,504.495,55.49445,3145.905550000012
2024-05-30,95010,sell,100,905.1939,49.7856645,-10831.595664499995
2024-06-06,85240,buy,100,560.56,30.830799999999996,
2024-06-06,83340,sell,100,998.7003000000001,54.92851650000001,-284.89851649998025
2024-06-06,71670,sell,100,592.407,32.582385,1090.0576150000127
2024-06-07,50170,buy,200,507.50699999999995,55.82577,
2024-06-11,95050,sell,100,1075.923,59.175765000000006,9335.024235000012
2024-06-13,83580,sell,100,1059.939,58.296645000000005,10340.103355000003
2024-06-14,85240,sell,100,518.481,28.516455,-4236.416454999995
2024-06-20,66960,buy,100,740.7399999999999,40.7407,
2024-06-20,50170,sell,200,510.489,56.153789999999994,540.2462100000056
2024-06-21,66960,sell,100,695.304,38.24172,-4581.841719999992
2024-06-25,45920,buy,100,843.843,46.411365,
2024-06-26,69270,buy,100,861.8609999999999,47.402355,
2024-07-03,45920,sell,100,1098.9,60.43950000000001,25445.2605
2024-07-04,69270,sell,100,859.14,47.252700000000004,-319.352699999989
2024-07-23,66960,buy,100,727.727,40.024985,
2024-07-23,48820,buy,100,560.56,30.830799999999996,
2024-07-25,66960,sell,100,620.379,34.120845,-10768.920844999995
2024-07-31,88480,buy,100,535.535,29.454425,
2024-07-31,48820,sell,100,700.299,38.516445,13935.383555000004
2024-08-02,88480,sell,100,504.495,27.747225,-3131.7472249999964
2024-08-22,48820,buy,100,786.786,43.27323,
2024-08-26,77760,buy,100,886.8859999999999,48.778729999999996,
2024-08-27,26210,buy,100,1296.2949999999998,71.29622499999999,
2024-08-28,77760,sell,100,799.2,43.956,-8812.555999999991
2024-08-29,48820,sell,100,713.286,39.230729999999994,-7389.23073
2024-08-30,95050,buy,200,953.6527,104.90179700000002,
2024-09-02,190A0,buy,100,780.7799999999999,42.942899999999995,
2024-09-03,95090,buy,100,1064.5635,58.5509925,
2024-09-04,26210,sell,100,1286.712,70.76916,-1029.0691599999857
2024-09-05,45060,buy,100,579.579,31.876845,
2024-09-05,45920,buy,100,981.9809999999999,54.008955,
2024-09-06,190A0,sell,100,724.275,39.835125000000005,-5690.335124999988
2024-09-09,47550,buy,100,914.2132999999999,50.2817315,
2024-09-09,77760,buy,100,838.8379999999999,46.136089999999996,
2024-09-09,95050,sell,200,964.5345,106.09879500000001,2070.261204999977
2024-09-11,95090,sell,100,1018.4805,56.016427500000006,-4664.316427499997
2024-09-12,45750,buy,100,833.8329999999999,45.860814999999995,
2024-09-13,45920,sell,100,977.022,53.73621000000001,-549.6362099999833
2024-09-13,45060,sell,100,574.425,31.593374999999998,-546.9933749999997
2024-09-17,73830,buy,200,345.34499999999997,37.987950000000005,
2024-09-18,77760,sell,100,788.211,43.351605000000006,-5106.051604999984
2024-09-18,47550,sell,100,948.9501,52.19225550000001,3421.487744500013
2024-09-20,88480,buy,100,605.6049999999999,33.308274999999995,
2024-09-25,45750,sell,100,1158.84,63.7362,32436.963800000005
2024-09-26,73830,sell,200,339.66,37.3626,-1174.3626000000004
2024-10-01,16780,buy,200,373.4731,41.082041,
2024-10-02,88480,sell,100,589.41,32.41755,-1651.9175499999935
2024-10-07,32050,buy,100,908.9079999999999,49.98994,
2024-10-09,16780,sell,200,372.02759999999995,40.923035999999996,-330.02303600000766
2024-10-10,218A0,buy,100,641.641,35.290255,
2024-10-16,32050,sell,100,856.143,47.08786500000001,-5323.587864999988
2024-10-17,218A0,sell,100,544.455,29.945025000000005,-9748.545024999992
2024-11-11,88480,buy,100,523.5229999999999,28.793764999999997,
2024-11-11,88940,buy,200,455.4549999999999,50.100049999999996,
2024-11-12,88940,buy,100,483.48299999999995,26.591565,
2024-11-19,88480,sell,100,508.491,27.967005,-1531.1670049999925
2024-11-21,260A0,buy,100,718.718,39.52949,
2024-11-22,260A0,sell,100,667.332,36.70326,-5175.303260000008
2024-11-25,58300,buy,100,1536.0344999999998,84.4818975,
2024-11-26,88940,sell,300,595.404,98.24166000000001,39083.658340000016
2024-11-27,71670,buy,100,650.3497,35.769233500000006,
2024-11-28,264A0,buy,100,1071.07,58.90885,
2024-12-02,16150,buy,300,378.4781,62.4488865,
2024-12-04,58300,sell,100,1592.406,87.58233000000001,5549.5676700000195
2024-12-05,88940,buy,100,582.5819999999999,32.04201,
2024-12-06,71670,sell,100,660.339,36.318645000000004,962.611355000007
2024-12-06,264A0,sell,100,1156.842,63.62631000000001,8513.573690000016
2024-12-10,39890,buy,100,988.9879999999999,54.39434,
2024-12-10,16150,sell,300,384.21540000000005,63.39554100000001,1657.7944590000184
2024-12-12,49350,buy,100,1193.1919999999998,65.62556,
2024-12-13,88940,sell,100,614.385,33.791175,3146.5088250000113
2024-12-17,16550,buy,100,675.7751,37.1676305,
2024-12-18,39890,sell,100,983.016,54.06588,-651.2658799999866
2024-12-20,16550,buy,100,669.1684999999999,36.804267499999995,
2024-12-20,49350,sell,100,1908.09,104.94495,71384.85505000001
2024-12-23,16550,sell,200,672.6266999999999,73.988937,-43.008937000000444
2024-12-24,25630,buy,300,336.4361,55.511956500000004,
2024-12-26,22430,buy,100,1950.9489999999998,107.302195,
2025-01-07,16150,buy,400,386.48609999999996,85.02694199999999,
2025-01-07,25630,sell,300,335.86379999999997,55.41752699999999,-227.10752700001234
2025-01-09,22430,sell,100,1956.042,107.58230999999999,401.71769000000745
2025-01-15,16150,sell,400,384.3153,84.549366,-952.8693659999715
2025-01-22,87830,buy,100,695.6949999999999,38.263225000000006,
2025-01-28,87830,sell,100,610.389,33.571395,-8564.171395000005
2025-01-31,45060,buy,200,594.5939999999999,65.40534,
2025-02-03,37930,buy,100,867.8669999999998,47.732685,
2025-02-06,83080,buy,100,1143.1419999999998,62.872809999999994,
2025-02-12,37930,sell,100,970.029,53.351595,10162.848405000015
2025-02-13,45060,sell,200,788.211,86.70321000000001,38636.696790000016
2025-02-17,83080,sell,100,1166.832,64.17576000000001,2304.824240000028
2025-02-18,296A0,buy,100,658.6579999999999,36.226189999999995,
2025-02-18,290A0,buy,100,756.756,41.621579999999994,
2025-02-25,83340,buy,100,1091.5904999999998,60.03747749999999,
2025-02-26,87140,buy,200,429.429,47.23719,
2025-02-26,85240,buy,200,525.525,57.807750000000006,
2025-02-27,296A0,sell,100,692.307,38.076885,3326.8231150000115
2025-02-27,290A0,sell,100,724.275,39.835125000000005,-3287.935124999988
2025-03-05,83340,sell,100,1145.3535,62.9944425,5313.305557500014
2025-03-06,87140,sell,200,412.587,45.38457,-3413.7845699999857
2025-03-06,85240,sell,200,522.477,57.47247,-667.0724700000004
2025-03-19,85240,buy,200,537.5369999999999,59.12906999999999,
2025-03-28,85240,sell,200,549.45,60.43950000000001,2322.160500000025
2025-03-31,48960,buy,100,862.8619999999999,47.457409999999996,
2025-04-03,48960,sell,100,714.285,39.285675000000005,-14896.985674999987
2025-04-22,38610,buy,100,660.2596,36.314277999999995,
2025-05-02,34750,buy,100,1206.205,66.34127500000001,
2025-05-09,46890,buy,200,533.5329999999999,58.68862999999999,
2025-05-09,38610,sell,100,664.335,36.538425000000004,371.0015750000172
2025-05-12,341A0,buy,100,1233.232,67.82776,
2025-05-12,83340,buy,100,1153.1519999999998,63.423359999999995,
2025-05-13,83580,buy,100,1251.2499999999998,68.81875,
2025-05-14,34750,sell,100,1238.76,68.1318,3187.3682000000063
2025-05-19,46890,sell,200,524.1753,57.659283,-1929.1992829999817
2025-05-20,83340,sell,100,1179.3195,64.86257250000001,2551.8874275000244
2025-05-21,83580,sell,100,1290.708,70.98894,3874.811060000031
2025-05-26,341A0,sell,100,2216.781,121.92295500000002,98232.97704499999
2025-06-13,38250,buy,100,637.637,35.070035,
2025-06-16,87140,buy,100,556.5559999999999,30.61058,
2025-06-16,85240,buy,100,580.5799999999999,31.9319,
2025-06-23,38250,sell,100,552.447,30.384585,-8549.384584999994
2025-06-24,18930,buy,100,915.1142,50.331281000000004,
2025-06-24,87140,sell,100,567.432,31.208760000000005,1056.391240000009
2025-06-25,85240,sell,100,585.414,32.197770000000006,451.202230000006
2025-06-26,184A0,buy,100,673.6729999999999,37.052015,
2025-06-30,184A0,sell,100,620.379,34.120845,-5363.520844999987
2025-07-02,18930,sell,100,904.8942,49.769181,-1071.7691810000028
2025-07-03,91640,buy,100,878.8779999999999,48.33828999999999,
2025-07-11,76030,buy,200,500.49999999999994,55.05499999999999,
2025-07-15,76030,sell,200,451.548,49.670280000000005,-9840.070279999989
2025-07-24,91640,sell,100,875.124,48.131820000000005,-423.53181999999055
2025-07-29,83680,buy,100,755.7549999999999,41.56652499999999,
2025-08-04,43160,buy,100,686.6859999999999,37.76773,
2025-08-05,85240,buy,100,652.6519999999999,35.89586,
2025-08-06,83680,sell,100,774.225,42.582375000000006,1804.4176250000141
2025-08-14,85240,sell,100,659.34,36.2637,632.5363000000102
2025-08-14,43160,sell,100,989.01,54.39555,30178.004450000008
2025-08-15,218A0,buy,100,2072.0699999999997,113.96385,
2025-08-19,72500,buy,100,2157.1549999999997,118.643525,
2025-08-22,218A0,sell,100,1931.067,106.20868500000002,-14206.50868499997
2025-08-26,39030,buy,400,620.6199999999999,136.5364,
2025-08-27,95090,buy,100,1113.1119999999999,61.22116,
2025-08-28,21570,buy,100,1427.426,78.50843,
2025-09-01,95090,buy,100,1170.6695,64.38682250000001,
2025-09-02,42220,buy,100,872.872,48.007960000000004,
2025-09-02,21570,sell,100,1377.621,75.76915500000001,-5056.269155000006
2025-09-03,59850,buy,100,815.8149999999999,44.869825000000006,
2025-09-03,39030,sell,400,654.345,143.9559,13346.044100000054
2025-09-03,72500,sell,100,2365.632,130.10976000000002,20717.590240000034
2025-09-05,81050,buy,100,770.7699999999999,42.39234999999999,
2025-09-09,21500,buy,100,1128.127,62.046985,
2025-09-10,57210,buy,300,295.29499999999996,48.72367499999999,
2025-09-10,95090,sell,200,1184.3145,130.274595,8354.47540500003
2025-09-10,81050,sell,100,686.313,37.747215000000004,-8483.447214999987
2025-09-12,402A0,buy,100,985.9849999999999,54.229175,
2025-09-12,42220,sell,100,872.127,47.966985,-122.46698500000045
2025-09-16,59850,sell,100,912.087,50.164785,9577.035214999993
2025-09-17,57210,sell,300,254.745,42.032925000000006,-12207.032924999985
2025-09-18,21500,sell,100,1126.872,61.97796000000001,-187.47795999998817
2025-09-19,402A0,sell,100,884.115,48.626325,-10235.626324999988
2025-09-22,29820,buy,200,493.49299999999994,54.28423,
2025-09-26,29820,sell,200,460.539,50.659290000000006,-6641.45928999999
2025-10-02,59850,buy,100,1026.0249999999999,56.431374999999996,
2025-10-02,14750,buy,400,320.01969999999994,70.40433399999999,
2025-10-08,31050,buy,100,1201.1999999999998,66.066,
2025-10-10,14750,sell,400,334.8648,73.67025600000001,5864.369744000023
2025-10-15,31050,sell,100,1155.3435,63.5438925,-4649.193892499987
2025-10-20,59850,sell,100,992.007,54.560385000000004,-3456.3603849999918
2025-10-22,15680,buy,200,652.7520999999999,71.802731,
2025-10-27,95090,buy,100,1120.119,61.606545,
2025-10-28,15790,buy,200,469.26879999999994,51.619568,
2025-10-30,15680,sell,200,666.7325999999999,73.340586,2722.7594140000015
2025-11-05,95090,sell,100,998.001,54.890055,-12266.690054999994
2025-11-06,15790,sell,200,484.1154,53.252694000000005,2916.067306000005
2025-11-10,72610,buy,100,1098.097,60.395335,
2025-11-14,81050,buy,100,714.7139999999999,39.30927,
2025-11-17,59850,buy,100,1171.1699999999998,64.41435,
2025-11-17,81050,sell,100,523.476,28.79118,-19152.591179999996
2025-11-18,72610,sell,100,1077.4215,59.258182500000004,-2126.808182500006
2025-11-25,59850,sell,100,1200.798,66.04389,2896.7561100000157
2025-12-01,77460,buy,300,377.37699999999995,62.267205,
2025-12-02,45880,buy,100,1091.09,60.009949999999996,
2025-12-03,77460,sell,300,327.672,54.06588000000001,-14965.565879999978
2025-12-04,63660,buy,200,638.6379999999999,70.25017999999999,
2025-12-05,45880,sell,100,938.061,51.59335500000001,-15354.49335499999
2025-12-15,45880,buy,100,1082.081,59.514455,
2025-12-16,45880,sell,100,900.099,49.50544500000001,-18247.705444999985
2025-12-17,85500,buy,100,720.7199999999999,39.639599999999994,
2025-12-19,83380,buy,300,402.40199999999993,66.39632999999999,
2025-12-23,63660,sell,200,701.298,77.14278,12454.857220000016
2025-12-25,64330,buy,100,906.906,49.87983,
2025-12-26,57070,buy,100,900.8999999999999,49.549499999999995,
2025-12-30,34440,buy,100,753.7529999999999,41.45641499999999,
